dataset,cfg,phi,interesting,reason_skipped,K,n_executions,K_ratio,cfg_height,cfg_height_norm,avg_behavior_size,support_min,support_mean,support_max,reduction_from_bottom,compression_from_bottom,behavior_time_s,mining_time_s,miner,n_graphs,avg_mining_graph_size,total_mining_graph_size,min_support_effective,n_patterns_raw,n_patterns_in_window,pattern_support_min,pattern_support_mean,pattern_support_median,pattern_support_max,pattern_support_ratio_mean,pattern_support_ratio_median,pattern_support_ratio_max,high_support_threshold_ratio,high_support_threshold_abs,n_high_support_patterns,high_support_pattern_ratio
order-management_filtered,"(7, 4, 3)",items: ρ = type  │  orders: ρ = type  │  packages: ρ = type,True,,1388,2000,0.694,9,1.0,35.7795,1,1.440922190201729,44,0.30600000000000005,0.5443088757848619,0.2913887079999995,221.88614462500001,gspan,2000,29.713,59426,100,393,383,100,278.06788511749346,193,1430,0.13903394255874674,0.0965,0.715,0.25,500,60,0.1566579634464752
order-management_filtered,"(2, 4, 3)",items: ρ = price_band  │  orders: ρ = type  │  packages: ρ = type,True,,1927,2000,0.9635,8,0.8888888888888888,47.8665,1,1.0378827192527245,5,0.03649999999999998,0.39036769107327074,0.2940600840000016,57.02491495800001,gspan,2000,32.66,65320,100,71,71,100,409.80281690140845,389,1061,0.20490140845070423,0.1945,0.5305,0.25,500,34,0.4788732394366197
order-management_filtered,"(6, 4, 3)",items: ρ = products_weight_band  │  orders: ρ = type  │  packages: ρ = type,True,,1942,2000,0.971,8,0.8888888888888888,47.3845,1,1.0298661174047374,4,0.029000000000000026,0.3965064890405898,0.29216608400000155,77.52498891700003,gspan,2000,32.4935,64987,100,113,113,100,283.50442477876106,238,611,0.14175221238938054,0.119,0.3055,0.25,500,28,0.24778761061946902
order-management_filtered,"(7, 2, 3)",items: ρ = type  │  orders: ρ = price_band  │  packages: ρ = type,True,,1530,2000,0.765,9,1.0,35.7795,1,1.3071895424836601,30,0.235,0.5443088757848619,0.2965848340000008,90.97250758399991,gspan,2000,29.713,59426,100,248,240,101,220.69166666666666,167.0,744,0.11034583333333334,0.0835,0.372,0.25,500,13,0.05416666666666667
order-management_filtered,"(7, 3, 3)",items: ρ = type  │  orders: ρ = customers  │  packages: ρ = type,True,,1840,2000,0.92,8,0.8888888888888888,35.7795,1,1.0869565217391304,6,0.07999999999999996,0.5443088757848619,0.29495912500000543,21.337318874999937,gspan,2000,29.713,59426,100,75,67,102,248.92537313432837,157,695,0.12446268656716418,0.0785,0.3475,0.25,500,7,0.1044776119402985
order-management_filtered,"(7, 4, 2)",items: ρ = type  │  orders: ρ = type  │  packages: ρ = weight_band,True,,1663,2000,0.8315,8,0.8888888888888888,36.6125,1,1.2026458208057726,16,0.16849999999999998,0.5336997083434161,0.2791855000000041,239.60348420799994,gspan,2000,30.3915,60783,100,451,449,100,251.93318485523386,174,1430,0.12596659242761693,0.087,0.715,0.25,500,39,0.08685968819599109
order-management_filtered,"(2, 2, 3)",items: ρ = price_band  │  orders: ρ = price_band  │  packages: ρ = type,True,,1930,2000,0.965,8,0.8888888888888888,46.699,1,1.0362694300518134,5,0.03500000000000003,0.4052370824152731,0.2949210000000022,73.03973420800003,gspan,2000,32.66,65320,100,72,72,101,413.15277777777777,401.0,1061,0.20657638888888888,0.2005,0.5305,0.25,500,34,0.4722222222222222
order-management_filtered,"(2, 3, 3)",items: ρ = price_band  │  orders: ρ = customers  │  packages: ρ = type,True,,1992,2000,0.996,7,0.7777777777777778,47.8665,1,1.0040160642570282,2,0.0040000000000000036,0.39036769107327074,0.2981320000000025,65.13878324999996,gspan,2000,32.66,65320,100,50,50,118,517.4,553.0,1061,0.2587,0.2765,0.5305,0.25,500,34,0.68
order-management_filtered,"(2, 4, 2)",items: ρ = price_band  │  orders: ρ = type  │  packages: ρ = weight_band,True,,1911,2000,0.9555,7,0.7777777777777778,43.457,1,1.0465724751439036,5,0.044499999999999984,0.4465275035979469,0.47737712500000384,31.45662579100008,gspan,2000,32.6575,65315,100,71,71,100,377.3521126760563,206,1141,0.18867605633802817,0.103,0.5705,0.25,500,22,0.30985915492957744
order-management_filtered,"(4, 4, 3)",items: ρ = products_price  │  orders: ρ = type  │  packages: ρ = type,False,no merging (K = n_executions),2000,2000,1.0,7,0.7777777777777778,70.53,1,1.0,1,0.0,0.10172319370327443,0.30703579200000064,,,0,0.0,0,0,0,0,0,0.0,0.0,0,0.0,0.0,0.0,0.25,0,0,0.0
order-management_filtered,"(5, 4, 3)",items: ρ = products_weight  │  orders: ρ = type  │  packages: ρ = type,False,no merging (K = n_executions),2000,2000,1.0,7,0.7777777777777778,69.0425,1,1.0,1,0.0,0.12066813556299905,0.30749891700000376,,,0,0.0,0,0,0,0,0,0.0,0.0,0,0.0,0.0,0.0,0.25,0,0,0.0
order-management_filtered,"(6, 2, 3)",items: ρ = products_weight_band  │  orders: ρ = price_band  │  packages: ρ = type,True,,1950,2000,0.975,8,0.8888888888888888,46.4005,1,1.0256410256410255,4,0.025000000000000022,0.40903880688258587,0.28895895899999857,75.85155170899998,gspan,2000,32.4935,64987,100,147,147,100,267.76190476190476,218,611,0.13388095238095238,0.109,0.3055,0.25,500,28,0.19047619047619047
order-management_filtered,"(6, 3, 3)",items: ρ = products_weight_band  │  orders: ρ = customers  │  packages: ρ = type,True,,1995,2000,0.9975,7,0.7777777777777778,47.3845,1,1.0025062656641603,2,0.0024999999999999467,0.3965064890405898,0.2892352499999973,59.07509733300003,gspan,2000,32.4935,64987,100,126,126,101,288.57142857142856,240.0,611,0.14428571428571427,0.12,0.3055,0.25,500,28,0.2222222222222222
order-management_filtered,"(6, 4, 2)",items: ρ = products_weight_band  │  orders: ρ = type  │  packages: ρ = weight_band,True,,1926,2000,0.963,7,0.7777777777777778,43.2355,1,1.0384215991692627,4,0.03700000000000003,0.44934854872193275,0.28929195899999627,35.11805495899989,gspan,2000,32.464,64928,100,109,109,100,272.64220183486236,161,923,0.1363211009174312,0.0805,0.4615,0.25,500,19,0.1743119266055046
order-management_filtered,"(7, 1, 3)",items: ρ = type  │  orders: ρ = price  │  packages: ρ = type,True,,1992,2000,0.996,8,0.8888888888888888,35.7795,1,1.0040160642570282,3,0.0040000000000000036,0.5443088757848619,0.29341754200000025,22.386628374999873,gspan,2000,29.713,59426,100,65,57,157,305.56140350877195,215,695,0.15278070175438596,0.1075,0.3475,0.25,500,7,0.12280701754385964
order-management_filtered,"(7, 2, 2)",items: ρ = type  │  orders: ρ = price_band  │  packages: ρ = weight_band,True,,1748,2000,0.874,8,0.8888888888888888,36.6125,1,1.1441647597254005,12,0.126,0.5336997083434161,0.570454041000005,95.46369654199998,gspan,2000,30.3915,60783,100,257,257,100,234.23346303501947,139,1372,0.11711673151750973,0.0695,0.686,0.25,500,25,0.09727626459143969
order-management_filtered,"(7, 0, 3)",items: ρ = type  │  orders: ρ = id  │  packages: ρ = type,False,no merging (K = n_executions),2000,2000,1.0,7,0.7777777777777778,35.7795,1,1.0,1,0.0,0.5443088757848619,0.2940740420000054,,,0,0.0,0,0,0,0,0,0.0,0.0,0,0.0,0.0,0.0,0.25,0,0,0.0
order-management_filtered,"(7, 3, 2)",items: ρ = type  │  orders: ρ = customers  │  packages: ρ = weight_band,True,,1943,2000,0.9715,7,0.7777777777777778,36.6125,1,1.029336078229542,4,0.02849999999999997,0.5336997083434161,0.27902454200000193,24.111317583000073,gspan,2000,30.3915,60783,100,102,102,102,321.96078431372547,207.0,1372,0.16098039215686274,0.1035,0.686,0.25,500,19,0.18627450980392157
order-management_filtered,"(7, 4, 1)",items: ρ = type  │  orders: ρ = type  │  packages: ρ = weight,True,,1996,2000,0.998,7,0.7777777777777778,37.173,1,1.002004008016032,2,0.0020000000000000018,0.5265611268897181,0.26351966699999707,148.85557658300013,gspan,2000,30.8495,61699,100,159,157,101,281.10828025477707,173,1430,0.14055414012738854,0.0865,0.715,0.25,500,21,0.1337579617834395
order-management_filtered,"(2, 1, 3)",items: ρ = price_band  │  orders: ρ = price  │  packages: ρ = type,True,,1999,2000,0.9995,7,0.7777777777777778,47.8665,1,1.0005002501250626,2,0.0004999999999999449,0.39036769107327074,0.6371027080000005,74.87822216600011,gspan,2000,32.66,65320,100,50,50,118,517.4,553.0,1061,0.2587,0.2765,0.5305,0.25,500,34,0.68
order-management_filtered,"(2, 2, 2)",items: ρ = price_band  │  orders: ρ = price_band  │  packages: ρ = weight_band,True,,1912,2000,0.956,7,0.7777777777777778,42.2895,1,1.0460251046025104,5,0.04400000000000004,0.4613968949399493,0.29275175000000075,37.51967658300009,gspan,2000,32.6575,65315,100,74,74,101,373.97297297297297,207.0,1141,0.1869864864864865,0.1035,0.5705,0.25,500,22,0.2972972972972973
order-management_filtered,"(2, 3, 2)",items: ρ = price_band  │  orders: ρ = customers  │  packages: ρ = weight_band,True,,1991,2000,0.9955,6,0.6666666666666666,43.457,1,1.0045203415369162,2,0.0044999999999999485,0.4465275035979469,0.2943855839999969,27.983109624999997,gspan,2000,32.6575,65315,100,46,46,119,501.3695652173913,392.5,1141,0.25068478260869564,0.19625,0.5705,0.25,500,22,0.4782608695652174
order-management_filtered,"(2, 4, 1)",items: ρ = price_band  │  orders: ρ = type  │  packages: ρ = weight,False,no merging (K = n_executions),2000,2000,1.0,6,0.6666666666666666,47.987,1,1.0,1,0.0,0.3888329915814409,0.6738336669999967,,,0,0.0,0,0,0,0,0,0.0,0.0,0,0.0,0.0,0.0,0.25,0,0,0.0
order-management_filtered,"(6, 1, 3)",items: ρ = products_weight_band  │  orders: ρ = price  │  packages: ρ = type,True,,1999,2000,0.9995,7,0.7777777777777778,47.3845,1,1.0005002501250626,2,0.0004999999999999449,0.3965064890405898,0.2913520000000034,106.60434145800036,gspan,2000,32.4935,64987,100,93,93,101,315.7741935483871,290,611,0.15788709677419355,0.145,0.3055,0.25,500,28,0.3010752688172043
order-management_filtered,"(6, 2, 2)",items: ρ = products_weight_band  │  orders: ρ = price_band  │  packages: ρ = weight_band,True,,1936,2000,0.968,7,0.7777777777777778,42.2515,1,1.0330578512396693,4,0.03200000000000003,0.4618808665639288,0.2868071249999957,64.22047887500003,gspan,2000,32.464,64928,100,138,138,100,256.3985507246377,171.0,923,0.12819927536231884,0.0855,0.4615,0.25,500,19,0.13768115942028986
order-management_filtered,"(6, 3, 2)",items: ρ = products_weight_band  │  orders: ρ = customers  │  packages: ρ = weight_band,True,,1994,2000,0.997,6,0.6666666666666666,43.2355,1,1.0030090270812437,2,0.0030000000000000027,0.44934854872193275,0.29104870800000526,47.331765749999704,gspan,2000,32.464,64928,100,117,117,101,280.43589743589746,185,923,0.14021794871794874,0.0925,0.4615,0.25,500,19,0.1623931623931624
order-management_filtered,"(6, 4, 1)",items: ρ = products_weight_band  │  orders: ρ = type  │  packages: ρ = weight,False,no merging (K = n_executions),2000,2000,1.0,6,0.6666666666666666,47.4765,1,1.0,1,0.0,0.39533476826674474,0.2852730839999964,,,0,0.0,0,0,0,0,0,0.0,0.0,0,0.0,0.0,0.0,0.25,0,0,0.0
order-management_filtered,"(7, 1, 2)",items: ρ = type  │  orders: ρ = price  │  packages: ρ = weight_band,True,,1995,2000,0.9975,7,0.7777777777777778,36.6125,1,1.0025062656641603,2,0.0024999999999999467,0.5336997083434161,0.27823983300000066,14.71430191699983,gspan,2000,30.3915,60783,100,52,52,103,475.5769230769231,254.5,1372,0.23778846153846156,0.12725,0.686,0.25,500,19,0.36538461538461536
order-management_filtered,"(7, 2, 1)",items: ρ = type  │  orders: ρ = price_band  │  packages: ρ = weight,True,,1998,2000,0.999,7,0.7777777777777778,37.173,1,1.001001001001001,2,0.0010000000000000009,0.5265611268897181,0.261331250000012,50.37987437499987,gspan,2000,30.8495,61699,100,91,91,100,229.86813186813185,180,744,0.11493406593406592,0.09,0.372,0.25,500,7,0.07692307692307693
order-management_filtered,"(7, 3, 1)",items: ρ = type  │  orders: ρ = customers  │  packages: ρ = weight,True,,1996,2000,0.998,6,0.6666666666666666,37.173,1,1.002004008016032,2,0.0020000000000000018,0.5265611268897181,0.2604343340000099,5.170722957999715,gspan,2000,30.8495,61699,100,24,24,102,141.08333333333334,113.5,695,0.07054166666666667,0.05675,0.3475,0.25,500,1,0.041666666666666664
order-management_filtered,"(7, 4, 0)",items: ρ = type  │  orders: ρ = type  │  packages: ρ = id,True,,1996,2000,0.998,6,0.6666666666666666,37.173,1,1.002004008016032,2,0.0020000000000000018,0.5265611268897181,0.25751825000000395,139.887509958,gspan,2000,30.8495,61699,100,159,157,101,281.10828025477707,173,1430,0.14055414012738854,0.0865,0.715,0.25,500,21,0.1337579617834395
order-management_filtered,"(2, 1, 2)",items: ρ = price_band  │  orders: ρ = price  │  packages: ρ = weight_band,True,,1998,2000,0.999,6,0.6666666666666666,43.457,1,1.001001001001001,2,0.0010000000000000009,0.4465275035979469,0.7961566249999947,25.828736458000094,gspan,2000,32.6575,65315,100,46,46,119,501.3695652173913,392.5,1141,0.25068478260869564,0.19625,0.5705,0.25,500,22,0.4782608695652174
order-management_filtered,"(6, 1, 2)",items: ρ = products_weight_band  │  orders: ρ = price  │  packages: ρ = weight_band,True,,1998,2000,0.999,6,0.6666666666666666,43.2355,1,1.001001001001001,2,0.0010000000000000009,0.44934854872193275,0.2897947080000023,35.39777700000013,gspan,2000,32.464,64928,100,92,92,101,303.5326086956522,185.0,923,0.1517663043478261,0.0925,0.4615,0.25,500,19,0.20652173913043478
order-management_filtered,"(7, 1, 1)",items: ρ = type  │  orders: ρ = price  │  packages: ρ = weight,False,no merging (K = n_executions),2000,2000,1.0,6,0.6666666666666666,37.173,1,1.0,1,0.0,0.5265611268897181,0.8003344999999911,,,0,0.0,0,0,0,0,0,0.0,0.0,0,0.0,0.0,0.0,0.25,0,0,0.0
order-management_filtered,"(7, 2, 0)",items: ρ = type  │  orders: ρ = price_band  │  packages: ρ = id,True,,1998,2000,0.999,6,0.6666666666666666,37.173,1,1.001001001001001,2,0.0010000000000000009,0.5265611268897181,0.2675681249999968,43.3724883750001,gspan,2000,30.8495,61699,100,91,91,100,229.86813186813185,180,744,0.11493406593406592,0.09,0.372,0.25,500,7,0.07692307692307693
order-management_filtered,"(7, 3, 0)",items: ρ = type  │  orders: ρ = customers  │  packages: ρ = id,True,,1996,2000,0.998,5,0.5555555555555556,37.173,1,1.002004008016032,2,0.0020000000000000018,0.5265611268897181,0.813745124999997,5.299964708000061,gspan,2000,30.8495,61699,100,24,24,102,141.08333333333334,113.5,695,0.07054166666666667,0.05675,0.3475,0.25,500,1,0.041666666666666664
order-management_filtered,"(0, 0, 0)",items: ρ = id  │  orders: ρ = id  │  packages: ρ = id,False,no merging (K = n_executions),2000,2000,1.0,0,0.0,78.517,1,1.0,1,0.0,0.0,0.269415500000008,3.618785832999947,gspan,2000,34.8215,69643,100,0,0,0,0.0,0.0,0,0.0,0.0,0.0,0.25,500,0,0.0
